New mode =, SurroundingModel , dataset_limit=,500,estimation_limit=,500,estimation_dist=,0.8,estimation_min_group_size=,10,threshold_hit=,0,threshold_distance=,0.5,hit_score=,1,miss_score=,-4,hit_position=,0.5,miss_position=,0.9,nearest_sum_n=,2,queue_sum_n=,1,input_coef_avg_best=,0.1,output_size_avg_best=,0,random_sample_coef=,0.4,input_size_avg_worst=,1000,output_coef_avg_worst=,0
1013.18
1014.26
1015.24
1016.38
1017.38
1018.83
1019.86
1020.88
1022.46,-14.5571,-2.23216,0.0504061
1023.85,-14.7238,-1.47688,-0.0268371,8.60832,-7.19666,-0.142979
1024.85,8.49358,-7.09829,-0.153613,-14.7238,-1.47688,-0.0268371,6.99303,-0.820336,-0.140837
1026.48,3.57781,-4.98974,-0.302875,8.32394,-6.97288,-0.1651,-14.7238,-1.47688,-0.0268371
1027.48,3.57781,-4.98974,-0.302875,8.32394,-6.97288,-0.1651,-14.7238,-1.47688,-0.0268371
1028.54,3.57781,-4.98974,-0.302875,5.64081,-5.19654,-0.308964,1.68325,-3.86426,-0.260195,-0.505604,-8.71277,0.0241852,-14.7238,-1.47688,-0.0268371,10.3627,-8.34136,-0.0615398
1029.88,1.54953,-3.86738,-0.230423,0.149175,-7.95253,-0.091976,3.57781,-4.98974,-0.302875,7.93923,6.37212,-0.138614,5.11852,-4.91601,-0.356051,10.1782,-8.05767,-0.0282802
1030.86,0.0407226,-8.10333,-0.0417897,3.24318,-4.62908,-0.282585,7.93923,6.37212,-0.138614,1.23911,-12.9878,-0.432711,10.1782,-8.05767,-0.0282802
1031.88,0.0407226,-8.10333,-0.0417897,3.33081,-4.64754,-0.288385,1.23911,-12.9878,-0.432711,7.93923,6.37212,-0.138614,10.4452,-7.99861,-0.0804794
1032.88,1.88852,-6.56127,-0.19147,8.20715,6.81641,-0.118899,1.23911,-12.9878,-0.432711,10.4452,-7.99861,-0.0804794
1033.89,1.99417,-6.36055,-0.198145,10.0085,-7.87363,0.00247708,8.88786,7.88255,-0.138405
1034.94,3.33967,-4.48775,-0.253251,-0.391817,-9.08966,-0.145119
1035.93,3.33967,-4.48775,-0.253251,-0.391817,-9.08966,-0.145119
1037.46,3.16902,-4.45928,-0.250447,-0.47288,-9.10601,-0.16749
1038.94,3.11742,-4.46766,-0.250754,-0.452792,-9.1579,-0.164986,7.85211,4.96016,-0.169393
1039.94,3.09496,-4.40857,-0.255098,-0.452792,-9.1579,-0.164986,7.56404,5.0365,-0.144753
1041.04,2.95216,-4.51049,-0.22214,7.56404,5.0365,-0.144753,-0.523294,-9.26552,-0.189677
1042.52,2.77161,-4.51176,-0.242553,7.70374,5.24752,-0.106687,0.0599506,-8.65067,-0.0825736
1043.54,2.74602,-4.52728,-0.233076,7.43406,5.17035,-0.170954,8.16803,13.1232,-0.188716,0.0714782,-8.74607,-0.115155
1044.53,2.80818,-4.56091,-0.233308,6.89947,5.07914,-0.111752,8.16803,13.1232,-0.188716
1045.54,2.68873,-4.51435,-0.238212,6.89304,5.05574,-0.0736615,8.16803,13.1232,-0.188716
1046.56,2.67877,-4.47911,-0.243531,6.8283,4.99831,-0.0437132,8.16803,13.1232,-0.188716
1047.55,2.57778,-4.50005,-0.245721,6.84541,4.99168,-0.0587287
1048.54,2.53774,-4.47648,-0.260904,7.76811,5.23544,-0.175459
1049.54,2.55758,-4.33945,-0.267021,7.76811,5.23544,-0.175459
1050.55,2.62115,-4.31762,-0.287149,6.66302,5.56111,-0.103125
1051.95,2.62115,-4.31762,-0.287149,7.345,5.41052,-0.129267
1052.96,2.65933,-4.33525,-0.284528,6.2302,5.65193,-0.0109314,8.93152,4.82698,-0.325006
1054.84,2.65933,-4.33525,-0.284528,6.2302,5.65193,-0.0109314,-11.5616,8.14069,0.10938,-4.03317,11.8887,-0.192713,8.93152,4.82698,-0.325006
1055.94,2.65933,-4.33525,-0.284528,6.2302,5.65193,-0.0109314,-11.5616,8.14069,0.10938,-4.03317,11.8887,-0.192713,8.93152,4.82698,-0.325006
1056.96,2.70291,-4.27281,-0.292277,6.91058,5.55829,-0.126812,-4.03317,11.8887,-0.192713,-11.5616,8.14069,0.10938
1057.96,4.0884,-4.78105,-0.250219,1.56349,-3.70424,-0.0784797,6.74316,5.60892,-0.0822338,-8.7793,8.6176,-0.0373768,-11.4777,8.20766,0.134822,-4.03317,11.8887,-0.192713
1059.24,3.88352,-4.86692,-0.189116,7.34455,5.65033,-0.0527531,-8.7793,8.6176,-0.0373768,-11.4774,8.21093,0.187941,-4.03317,11.8887,-0.192713
1060.27,3.10859,-4.39431,-0.201077,7.26295,5.70908,0.0160329,-11.4774,8.21093,0.187941,-8.7793,8.6176,-0.0373768,-3.91287,12.0591,-0.244342
1061.29,3.10859,-4.39431,-0.201077,-9.74468,8.38207,0.0184384,7.26295,5.70908,0.0160329
1062.36,3.30609,-4.53647,-0.215745,-9.71698,8.36525,0.0144717,7.20468,5.78139,0.00490217,3.12491,-14.0846,-0.0877214
1064.02,3.31028,-4.56163,-0.220878,-9.83261,8.369,0.0148818,7.10432,5.78496,-0.0295352,3.14369,-13.9615,-0.074907,9.75316,-1.02705,-0.319657
1065.03,3.33854,-4.67181,-0.171172,-9.83261,8.369,0.0148818,7.10432,5.78496,-0.0295352,9.75316,-1.02705,-0.319657,3.14369,-13.9615,-0.074907
1066.03,3.3511,-4.68763,-0.167693,-9.73952,8.40551,0.00799892,6.87441,5.43827,-0.0604936,9.70755,-1.0494,-0.309716,3.21444,-14.0458,-0.103928
1067.42,4.14223,-5.18528,-0.164632,9.70346,-1.33098,-0.194223,-9.90033,8.53336,-0.0106537,5.37296,8.44543,-0.167355,6.86897,5.5526,-0.0323351,3.21444,-14.0458,-0.103928
1068.42,4.07085,-5.30522,-0.147435,-9.77122,8.56589,-0.0154943,9.96243,-1.16852,-0.214978,5.37296,8.44543,-0.167355,2.86181,-1.05725,-0.228197,3.13947,-13.9344,-0.117567
1069.45,4.05594,-5.13377,-0.160966,-9.75033,8.52422,-0.0138162,9.96243,-1.16852,-0.214978,5.37296,8.44543,-0.167355,3.13947,-13.9344,-0.117567,6.97876,-3.62624,-0.063032
1070.44,4.05594,-5.13377,-0.160966,9.00989,-0.71766,-0.1559,-11.8834,8.82171,0.0208779,-9.22467,8.48038,-0.0203197,5.43244,8.29462,-0.205373,6.97876,-3.62624,-0.063032
1071.49,4.04814,-5.17401,-0.186043,7.11,6.14152,0.0211977,9.00989,-0.71766,-0.1559,-9.22467,8.48038,-0.0203197,3.20636,-13.9083,-0.0320084,5.43244,8.29462,-0.205373,7.11347,-3.61761,-0.143242
1072.72,4.09749,-5.12304,-0.208234,6.00402,7.65102,-0.118341,9.05176,-0.720089,-0.147426,-9.15413,8.47919,-0.0166702,3.20636,-13.9083,-0.0320084,7.11347,-3.61761,-0.143242
1073.76,4.09749,-5.12304,-0.208234,6.02212,7.58824,-0.0935422,5.1215,4.50578,-0.333988,9.05176,-0.720089,-0.147426,3.20636,-13.9083,-0.0320084,-9.19136,8.77506,-0.0590994
1074.74,4.09749,-5.12304,-0.208234,6.02212,7.58824,-0.0935422,5.1215,4.50578,-0.333988,9.05176,-0.720089,-0.147426,-9.19136,8.77506,-0.0590994,3.20636,-13.9083,-0.0320084
1075.79,4.17213,-4.90796,-0.226328,6.12335,6.64051,-0.152236,8.78907,-0.705365,-0.179839,6.81078,-3.29759,-0.103913,6.84655,11.5671,-0.357719,-8.75661,8.5323,-0.027238
1077,4.17213,-4.90796,-0.226328,6.13546,6.68329,-0.157461,8.71124,-0.640631,-0.149152,6.81078,-3.29759,-0.103913,-8.75661,8.5323,-0.027238
1078.01,4.13259,-4.88544,-0.264879,6.13546,6.68329,-0.157461,8.53776,-0.562342,-0.167012,-9.21057,9.02164,-0.117069
1079.01,4.1221,-4.83699,-0.305333,6.1876,6.56466,-0.164382,8.44713,-0.524155,-0.14665,-9.21057,9.02164,-0.117069
1080.03,4.13901,-5.08548,-0.360178,6.18793,6.56553,-0.14872,8.26426,-0.503696,-0.106015,-9.45904,9.15788,-0.138326
1081.03,4.13901,-5.08548,-0.360178,6.26476,6.79837,-0.141188,7.95233,-0.334343,-0.140619,-8.97852,8.42857,-0.00595325
1082.03,4.13901,-5.08548,-0.360178,6.14234,6.71325,-0.129235,7.74982,-0.208721,-0.108459,-8.97852,8.42857,-0.00595325
1083.05,4.13901,-5.08548,-0.360178,5.92587,6.87819,-0.107244,7.74982,-0.208721,-0.108459,-9.00873,8.34824,0.0177757
1084.08,4.10485,-5.14126,-0.358179,5.92587,6.87819,-0.107244,7.73663,0.00602701,-0.0773168,-9.00619,8.19582,-0.00349416
1085.09,4.21138,-5.02124,-0.288486,-8.63628,6.9052,0.055109,-12.9566,3.99736,0.00324601,5.98007,6.28584,-0.0950595,7.58329,-0.0424929,-0.146044
1086.08,6.13557,6.18014,-0.0711401,-8.63628,6.9052,0.055109,-12.9566,3.99736,0.00324601,7.82806,-0.0344653,-0.128449
1087.09,4.17504,-4.99775,-0.279948,6.75603,6.00885,-0.0546844,-8.63628,6.9052,0.055109,-12.9566,3.99736,0.00324601,7.86926,-0.0387154,-0.132652,-9.60562,-3.97489,0.0110462
1088.1,3.22615,-4.82722,-0.288903,6.86015,5.89828,-0.0351744,-8.68337,6.95921,0.0796801,-12.9566,3.99736,0.00324601,9.94624,8.97403,-0.033807,7.7853,-0.0555347,-0.0289954,-9.7804,-3.7221,-0.0729058
1089.1,3.76299,-5.23626,-0.355038,6.83592,5.87297,-0.0239655,-12.9566,3.99736,0.00324601,-8.68337,6.95921,0.0796801,9.97958,9.01521,0.0147864,-9.48607,-3.7972,-0.0832408
1090.1,3.76299,-5.23626,-0.355038,7.81492,6.54867,-0.133353,1.62172,-3.95276,-0.206198,-8.24651,5.66838,0.131333,-12.9566,3.99736,0.00324601,-9.09435,8.13309,0.0638457
1091.32,3.7627,-5.18648,-0.347063,7.81492,6.54867,-0.133353,1.62458,-3.98237,-0.207089,-13.0172,4.01541,-0.00584107,-3.03355,-3.99652,-0.0387959,-9.08485,8.04483,0.102552
1092.47,4.06137,-4.92028,-0.335728,7.83726,6.55698,-0.139753,1.62458,-3.98237,-0.207089,-4.09635,-5.28664,-0.212819,-6.67413,-9.76196,0.0194292,-13.0172,4.01541,-0.00584107,-3.03355,-3.99652,-0.0387959
1093.48,4.01561,-4.89995,-0.318624,7.67374,6.52159,-0.104882,1.62458,-3.98237,-0.207089,-13.0172,4.01541,-0.00584107
1095.11,4.01561,-4.89995,-0.318624,7.67374,6.52159,-0.104882,1.62458,-3.98237,-0.207089,-13.0172,4.01541,-0.00584107
1096.19,3.767,-4.89615,-0.25116,7.58712,6.42745,-0.08704,1.60971,-3.78759,-0.261551,-8.17404,6.32611,0.0896786,-13.0425,3.97567,0.00810142
1098.52,3.97511,-5.05933,-0.227471,7.61885,6.42174,-0.0821379,1.74115,-3.8016,-0.213505,14.5149,-7.06707,-0.0232516,-12.9156,3.85231,0.0485749
1099.56,4.01379,-5.06275,-0.235918,7.78299,6.88797,-0.0316344,-9.53534,1.5399,-0.179681,-6.49395,3.40222,-0.0348812
1100.53,3.95179,-5.03833,-0.246349,7.68261,6.80812,-0.0185255,-9.53534,1.5399,-0.179681
1101.83,3.95179,-5.03833,-0.246349,7.83325,6.75384,-0.0432546,-9.53534,1.5399,-0.179681
1103.1,3.95179,-5.03833,-0.246349,7.80893,6.656,-0.0640009
1104.2,3.9538,-5.0548,-0.232833,7.6534,6.64915,-0.0459823
1105.16,3.9538,-5.0548,-0.232833,8.14782,7.04243,-0.131513
1106.84,8.05703,6.84231,-0.137375,3.9538,-5.0548,-0.232833
1107.85,8.01115,6.80366,-0.136846,3.9538,-5.0548,-0.232833,12.2543,-2.85319,-0.0215604,15.2019,-6.90028,0.0269991
1108.87,8.04746,7.06115,-0.177545,3.96598,-4.9127,-0.298041,11.5779,-1.81596,-0.149237
1109.86,7.89581,7.21,-0.161928,3.98665,-4.83685,-0.309378,11.6372,-2.05695,-0.115455
1110.87,7.87088,7.15693,-0.171533,3.98665,-4.83685,-0.309378,11.6372,-2.05695,-0.115455
1112.25,7.9533,7.27345,-0.162642,3.94024,-4.8258,-0.337291,11.6603,-2.08451,-0.117499
1113.24,8.06981,7.31395,-0.181226,4.14763,-4.7033,-0.354818,11.648,-2.09517,-0.100725,-5.94631,3.21059,-0.175311
1114.22,8.07901,7.33716,-0.188458,-6.74984,2.95903,-0.271439,4.14763,-4.7033,-0.354818,11.4914,-1.905,-0.116842,12.1156,-0.431704,-0.200936
1115.88,8.04865,7.21873,-0.191009,-6.76769,2.8564,-0.295652,11.4428,-1.92161,-0.11276,4.14763,-4.7033,-0.354818,12.2024,-0.452998,-0.172141
1116.87,8.04276,7.16406,-0.20001,-6.76769,2.8564,-0.295652,4.14763,-4.7033,-0.354818,11.4428,-1.92161,-0.11276,12.2024,-0.452998,-0.172141
1117.88,7.66886,6.69181,-0.178759,-6.76769,2.8564,-0.295652,4.1465,-4.62101,-0.33214,12.0107,-2.54799,-0.129892
1119.35,7.26814,5.74365,-0.141402,-6.80213,2.4778,-0.288467,9.16208,8.78431,-0.367247,-2.45508,2.12317,-0.119232,11.5826,-2.16852,-0.0703873
1120.54,6.69212,5.47063,-0.206447,-5.4954,2.35006,-0.233094,11.5432,-2.1054,-0.0842826,4.17237,-4.77891,-0.292694
1121.53,6.69212,5.47063,-0.206447,-5.4954,2.35006,-0.233094,4.17237,-4.77891,-0.292694,11.5432,-2.1054,-0.0842826
1123.22,5.87665,4.83488,-0.233646,-5.27209,2.54068,-0.215212,4.0004,-5.07172,-0.236507,8.92613,7.29923,-0.106687,11.5228,-2.07222,-0.0607695
1126.02,3.98065,-5.07701,-0.212766,6.57719,5.20479,-0.246404,-4.99824,2.49966,-0.185066,8.25822,7.62355,0.0205323,11.4465,-2.03026,-0.0700148,-6.06518,-6.56176,0.0471451,4.3976,4.12628,-0.229852
1127.01,5.18945,4.9156,-0.247816,3.97133,-5.00098,-0.230745,-6.52196,2.74008,-0.241989,8.32758,7.94565,-0.178238,-5.5392,-8.00469,-0.0249454,-4.2465,-4.59243,-0.316336
1128.02,5.18945,4.9156,-0.247816,4.12861,-5.05007,-0.227483,-6.52519,2.70073,-0.289896,8.3024,7.80652,-0.198936,-4.2465,-4.59243,-0.316336,-5.5392,-8.00469,-0.0249454
1129,5.15194,4.87753,-0.247854,4.12861,-5.05007,-0.227483,-6.52519,2.70073,-0.289896,8.3024,7.80652,-0.198936,-5.50478,-8.02946,-0.0333889
1130.03,5.12649,4.87186,-0.245431,4.27356,-5.15515,-0.217055,-6.68823,2.6986,-0.287628,8.33097,7.80462,-0.231617,-5.9302,-6.55663,-0.163819,-5.37094,-9.56088,6.69006e-05
1131.05,5.12649,4.87186,-0.245431,4.27356,-5.15515,-0.217055,-6.68823,2.6986,-0.287628,8.33097,7.80462,-0.231617,-5.9302,-6.55663,-0.163819,-5.37094,-9.56088,6.69006e-05
1132.05,5.12649,4.87186,-0.245431,4.27441,-5.08885,-0.249474,-6.57328,2.70987,-0.272562,8.33097,7.80462,-0.231617
1133.25,5.85419,5.58678,-0.212218,4.27441,-5.08885,-0.249474,-6.66539,2.65745,-0.289053
1134.26,6.14645,5.91724,-0.213145,4.3916,-5.17831,-0.227298,1.78589,-1.58358,-0.314113
1135.38,6.29304,6.01913,-0.205923,4.3916,-5.17831,-0.227298,1.78589,-1.58358,-0.314113
1136.4,5.34114,5.26563,-0.236282,8.58963,8.20561,-0.187287,4.3916,-5.17831,-0.227298
1137.41,8.47209,8.37929,-0.166548,5.43706,5.25545,-0.248385,-4.40523,-2.84097,-0.10764
1138.7,8.47209,8.37929,-0.166548,5.53052,5.21074,-0.227883,-4.40523,-2.84097,-0.10764
1139.84,8.47209,8.37929,-0.166548,5.52027,5.23429,-0.225864,-4.40154,-2.85711,-0.103363
1140.84,8.42581,8.39094,-0.159354,6.47652,5.53581,-0.232375,3.59672,4.73462,-0.210747
1141.84,8.41485,8.38279,-0.144481,6.60291,5.46378,-0.218335,-5.18734,-3.18794,-0.0834767,-4.29983,-5.75013,-0.231598,-9.8063,-2.39549,0.0167803
1142.84,8.46987,8.53855,-0.182372,6.60608,5.44251,-0.193378,-5.06374,-3.34475,-0.103624,2.99819,-0.958457,-0.316818,-4.29983,-5.75013,-0.231598,-10.5879,-3.05562,0.0346137
1144.3,8.27061,8.92132,-0.187323,6.69161,5.38465,-0.062401,3.05085,-1.0865,-0.32136,-5.07872,-3.28088,-0.0937736,-4.29983,-5.75013,-0.231598,9.32935,7.49478,-0.246143,-10.5879,-3.05562,0.0346137
1145.33,8.16797,8.87806,-0.249012,6.75244,5.35757,-0.0300678,3.10432,-0.38905,-0.297616,4.22898,-4.65829,-0.323953,-5.10944,-3.36076,-0.0925159,-10.5949,-2.90205,0.0530161
1146.31,8.1736,8.88158,-0.233865,6.75244,5.35757,-0.0300678,3.16475,-0.311145,-0.298642,4.22898,-4.65829,-0.323953,-5.10944,-3.36076,-0.0925159,4.47245,9.15487,0.0376622,-10.5949,-2.90205,0.0530161
1147.31,8.1736,8.88158,-0.233865,6.75244,5.35757,-0.0300678,3.16475,-0.311145,-0.298642,4.22898,-4.65829,-0.323953,-5.10944,-3.36076,-0.0925159,4.47245,9.15487,0.0376622,-10.5949,-2.90205,0.0530161
1148.32,6.88133,5.37233,-0.0417576,8.1736,8.88158,-0.233865,-5.33487,-3.42154,-0.111,3.15383,-0.0739662,-0.328655,4.22898,-4.65829,-0.323953,4.47245,9.15487,0.0376622,-10.5606,-2.81326,0.0727662,9.81003,6.80544,-0.234764
1149.32,6.99488,5.31812,0.00245366,8.1736,8.88158,-0.233865,-5.00819,-3.41041,-0.093662,3.29464,-0.912056,-0.302947,4.22898,-4.65829,-0.323953,-3.50937,-5.41952,-0.000561666,4.47245,9.15487,0.0376622,9.81003,6.80544,-0.234764
1150.34,7.054,5.29833,-0.000536763,-2.37217,10.0443,-0.267047,3.24512,-0.921755,-0.335666,4.47245,9.15487,0.0376622
1151.67,6.9709,5.28135,-0.000441134,-2.94574,9.83359,-0.258715,3.25856,-0.96836,-0.33806,4.06338,8.96341,0.0800125
1152.68,6.89905,5.26391,0.0224584,-2.94574,9.83359,-0.258715,3.25856,-0.96836,-0.33806,4.06338,8.96341,0.0800125
1153.67,6.89905,5.26391,0.0224584,-2.94574,9.83359,-0.258715,3.25856,-0.96836,-0.33806,4.06338,8.96341,0.0800125
1154.7,6.97879,5.28326,0.0246935,-3.2887,9.58738,-0.219716,3.20501,-1.01872,-0.318354,4.13277,-5.30811,-0.137659
1155.69,6.96823,5.24419,-0.00307044,-3.2887,9.58738,-0.219716,3.20501,-1.01872,-0.318354,4.13277,-5.30811,-0.137659,1.50701,2.13944,-0.189664
1156.73,6.91954,5.22268,-0.0544098,7.35461,0.798994,-0.356262,-3.2887,9.58738,-0.219716,3.20501,-1.01872,-0.318354,4.13277,-5.30811,-0.137659
1157.73,6.91954,5.22268,-0.0544098,7.35461,0.798994,-0.356262,-3.52924,9.68372,-0.26788,4.11256,-5.32432,-0.15942
1159.32,6.91954,5.22268,-0.0544098,-2.59555,-7.85939,-0.153122,7.40237,0.787128,-0.342374
1160.61,6.66288,5.55487,-0.0588621,-1.71443,-8.30911,-0.0878377,7.40237,0.787128,-0.342374,-3.60894,-7.35317,-0.250171
1161.63,6.04345,6.66308,-0.0299902,-3.60894,-7.35317,-0.250171
1162.64,5.97052,6.6614,-0.0324016,-7.19413,-4.66929,-0.0552567,-3.60894,-7.35317,-0.250171
1164.09,6.01421,6.52435,-0.0420762,-7.19413,-4.66929,-0.0552567,-3.60894,-7.35317,-0.250171
1165.1,5.9614,6.45089,-0.0624527,-7.19413,-4.66929,-0.0552567
1166.4,5.9614,6.45089,-0.0624527,-7.19413,-4.66929,-0.0552567
1169.62,5.9614,6.45089,-0.0624527,-5.52127,4.47745,-0.0679672,2.61642,-12.0193,-0.149086,-7.10537,-4.66216,-0.0681229
1170.81,5.9614,6.45089,-0.0624527,-5.52127,4.47745,-0.0679672,-7.10537,-4.66216,-0.0681229,2.63322,-11.9664,-0.158599,-1.41197,-7.94063,-0.020648
1171.82,5.9614,6.45089,-0.0624527,-5.55487,4.47915,-0.0417062,-11.2264,-7.92142,-0.0450427,-1.44726,-7.957,-0.0368242,2.74874,-11.9877,-0.173076,-7.10537,-4.66216,-0.0681229
1172.82,5.95602,6.48804,-0.0602104,-5.49027,4.46605,-0.0457915,-1.18313,-7.66689,-0.0816367,-7.16333,-4.61128,-0.0750801,2.75591,-11.7936,-0.126572
1173.84,6.46931,5.22238,-0.0905237,-5.49027,4.46605,-0.0457915,5.26344,8.10259,-0.00913736,2.76243,-11.915,-0.157295,-6.57519,-4.51975,-0.0129665
1174.82,5.81335,6.39665,-0.0715234,-5.08278,4.42774,-0.0510065,-6.57519,-4.51975,-0.0129665
1176.44,6.39894,5.49234,-0.0292059,5.01633,7.48066,-0.112136,-5.08278,4.42774,-0.0510065
1177.42,-6.71215,2.21366,-0.263954,6.39894,5.49234,-0.0292059,5.01633,7.48066,-0.112136,-5.06582,4.44264,-0.0652242
1178.44,-6.71215,2.21366,-0.263954,6.55391,5.59352,-0.128179,5.02767,7.42734,-0.112118,-5.06582,4.44264,-0.0652242
1179.44,-6.71215,2.21366,-0.263954,-11.9528,-6.01054,-0.0122305,6.62188,5.57191,-0.139224,5.04268,7.1758,-0.180731,-4.99962,4.4385,-0.0930531,-10.7976,-7.37708,-0.115363
1180.83,-6.62656,2.3478,-0.267515,6.59481,5.68337,-0.129938,-4.99962,4.4385,-0.0930531,5.04268,7.1758,-0.180731,-10.7976,-7.37708,-0.115363
1181.84,-6.73804,2.257,-0.260411,6.59241,5.70667,-0.122953,5.04268,7.1758,-0.180731,-4.99962,4.4385,-0.0930531
1182.96,7.31541,5.71756,-0.157814,-5.64761,-8.90434,0.0422454,5.04268,7.1758,-0.180731,-4.76602,4.38767,-0.1098
1183.93,-11.3152,-5.06882,0.0177321,7.31541,5.71756,-0.157814,4.44291,7.25535,-0.139303
1184.93,-11.3152,-5.06882,0.0177321,7.31541,5.71756,-0.157814,4.02285,7.23774,-0.181492
1186.02,-11.6344,-5.08303,0.034512,7.28488,5.69747,-0.145413,3.98476,7.25658,-0.185873,-5.44774,4.59243,-0.11035
1187.07,-11.7088,-5.22099,0.04665,7.30655,5.71691,-0.142685,-5.44326,4.61511,-0.112476,3.6164,7.09893,-0.119854
1188.05,7.29148,5.69759,-0.1415,-5.43217,4.61447,-0.11059,3.6164,7.09893,-0.119854
1189.07,7.26693,5.73955,-0.13203,4.48887,-4.98984,-0.0702914,-5.43217,4.61447,-0.11059,3.6164,7.09893,-0.119854
1190.43,4.34566,-4.92011,-0.136684,7.29511,5.67428,-0.123984,-1.03775,9.65298,-0.282489,-5.51595,4.62174,-0.0978608,3.56524,7.13088,-0.107844
1191.44,4.48482,-4.91436,-0.133679,7.29511,5.67428,-0.123984,-5.51595,4.62174,-0.0978608,-1.03775,9.65298,-0.282489,3.56524,7.13088,-0.107844
1192.44,4.03387,-4.00875,-0.236762,7.29511,5.67428,-0.123984,-1.03775,9.65298,-0.282489,-5.61279,4.63403,-0.102648,4.76843,-7.60027,-0.168818,3.52113,7.2157,-0.07375
1193.49,4.03387,-4.00875,-0.236762,-5.94522,4.56764,-0.0958103,7.29511,5.67428,-0.123984,-0.989839,9.50927,-0.24881,4.76843,-7.60027,-0.168818,3.52113,7.2157,-0.07375
1194.5,4.06729,-3.90174,-0.261491,-5.74199,4.46727,-0.0848534,7.45031,5.73165,-0.162747,4.76843,-7.60027,-0.168818,3.56731,7.20555,-0.0507135,14.4743,4.91643,-0.0418668
1195.49,4.06729,-3.90174,-0.261491,-5.59233,4.32826,-0.0655073,3.23095,7.20679,-0.0837071,7.48955,5.77907,-0.178186,4.76843,-7.60027,-0.168818,14.4743,4.91643,-0.0418668
1196.5,4.01331,-3.94763,-0.266591,7.43953,5.76848,-0.16608,-5.51483,4.42174,-0.0693171,3.2066,7.14336,-0.0425221,-11.378,5.62506,-0.181182,4.76843,-7.60027,-0.168818
1197.5,4.03006,-3.87846,-0.279781,7.53314,5.71157,-0.158669,-4.97479,4.23929,-0.0915845,3.18579,6.91028,0.022125,-11.3567,5.64959,-0.183184,4.76843,-7.60027,-0.168818
1198.58,4.0931,-3.93253,-0.285263,-4.94074,4.29129,-0.111099,7.53796,5.69301,-0.17653,3.18579,6.91028,0.022125,-11.3187,5.68691,-0.171375
1200.32,4.28531,-5.09325,-0.178276,-5.10614,4.40142,-0.0621004,7.57459,5.6674,-0.180019,3.78169,-2.54367,-0.412537,3.18579,6.91028,0.022125,-11.3187,5.68691,-0.171375
1201.32,4.21887,-5.05345,-0.194713,-5.03511,4.38477,-0.087115,6.14302,15.5764,0.042166,7.45197,5.71046,-0.208294,3.78169,-2.54367,-0.412537,3.18579,6.91028,0.022125,-11.5884,5.68657,-0.255041
1202.35,4.54082,-4.8358,-0.0985605,8.01451,5.87601,-0.243974,-5.03511,4.38477,-0.087115,6.14302,15.5764,0.042166,3.18579,6.91028,0.022125
1203.52,7.66295,5.7161,-0.146481,-5.01203,4.37617,-0.0890245,6.34135,16.1428,0.0629592,-1.76982,4.40406,-0.170186,3.12969,6.97189,-0.00339745
1204.56,7.66427,5.6909,-0.13954,-5.09831,4.50402,-0.105676,6.42725,16.2395,0.110307
1205.55,7.32077,5.55101,-0.0889588,-5.07351,4.50511,-0.108983,5.37633,10.7771,-0.198692,10.7093,9.66915,-0.212301
1207,7.32077,5.55101,-0.0889588,-5.04598,4.57117,-0.115602,10.7093,9.66915,-0.212301,5.37633,10.7771,-0.198692
1208.02,7.41391,5.34786,-0.10355,-5.04598,4.57117,-0.115602,-1.90462,5.4616,-0.11386,5.37633,10.7771,-0.198692,10.7093,9.66915,-0.212301
1209.02,7.43246,5.308,-0.119661,-5.04598,4.57117,-0.115602,10.5558,9.61502,-0.185955,5.37633,10.7771,-0.198692,-1.90462,5.4616,-0.11386,-9.50873,4.97362,-0.326637
1210.54,7.43246,5.308,-0.119661,-4.99747,4.58776,-0.104416,-2.29494,6.06666,-0.119623,5.37633,10.7771,-0.198692,10.4987,9.63506,-0.160988,-9.50873,4.97362,-0.326637
1212.3,7.43246,5.308,-0.119661,-4.99747,4.58776,-0.104416,10.4987,9.63506,-0.160988,5.37633,10.7771,-0.198692,-2.29494,6.06666,-0.119623,-9.50873,4.97362,-0.326637
1213.65,4.39254,-4.23938,-0.343025,7.40837,5.33835,-0.108834,-4.28963,4.45374,-0.178799,-2.29494,6.06666,-0.119623,10.4987,9.63506,-0.160988,5.37633,10.7771,-0.198692,-9.50873,4.97362,-0.326637
1214.65,4.34323,-4.39809,-0.363186,7.23826,5.42168,-0.113808,-4.28963,4.45374,-0.178799,5.37633,10.7771,-0.198692,10.4936,9.67217,-0.145274,-9.50873,4.97362,-0.326637
1215.65,-6.56331,4.90633,0.105973,7.51373,5.53448,-0.0826042,10.2775,9.67738,-0.0710948,9.4956,5.38161,-0.217488,-7.08311,-4.76107,0.00848804
1217.67,-7.36136,0.688958,-0.160484,7.51373,5.53448,-0.0826042,10.2775,9.67738,-0.0710948,9.4956,5.38161,-0.217488,-7.08311,-4.76107,0.00848804
1218.67,-7.36136,0.688958,-0.160484,7.51373,5.53448,-0.0826042,10.2811,9.62744,-0.0420146,0.760767,-9.43982,-0.305476,-7.08311,-4.76107,0.00848804
1219.68,-7.36136,0.688958,-0.160484,7.50162,5.52685,-0.0916303,10.2098,9.6823,0.01193,0.760767,-9.43982,-0.305476,-7.08035,-4.68705,-0.0205101
1220.68,-6.63932,4.73143,0.125749,-7.36136,0.688958,-0.160484,7.50162,5.52685,-0.0916303,10.2098,9.6823,0.01193,0.760767,-9.43982,-0.305476,-7.03258,-4.59505,-0.0525729
1221.7,-6.63932,4.73143,0.125749,-7.13086,0.672909,-0.102678,7.5048,5.46267,-0.0730664,0.878632,-9.40574,-0.368465
1223.62,-6.63932,4.73143,0.125749,7.46083,5.40717,-0.0500643,-7.13086,0.672909,-0.102678,0.878632,-9.40574,-0.368465
1224.65,-6.63932,4.73143,0.125749,7.22219,5.27561,-0.0402223,-7.13086,0.672909,-0.102678
1225.67,7.00061,5.53983,-0.0759334,13.3485,2.74188,-0.27926,-6.63932,4.73143,0.125749,-7.13086,0.672909,-0.102678
1226.65,7.38243,5.82325,-0.197367,13.2854,2.3286,-0.306193,11.2459,5.90016,-0.289682,-6.63932,4.73143,0.125749,-7.13086,0.672909,-0.102678,7.83488,-1.27996,-0.0627494
1227.7,7.33222,5.83723,-0.201811,13.2854,2.3286,-0.306193,-6.63932,4.73143,0.125749,-7.13869,0.934291,-0.043717,7.83488,-1.27996,-0.0627494
1228.86,7.30712,5.82577,-0.195329,8.44877,-1.71463,-0.166067,13.2854,2.3286,-0.306193,-6.6371,4.64462,0.165191,-7.13869,0.934291,-0.043717
1230.16,7.30712,5.82577,-0.195329,10.2671,-5.01841,-0.169005,8.05728,-1.85624,-0.163059,13.2854,2.3286,-0.306193,-6.96247,0.919633,-0.0166481
1231.67,7.34722,5.82944,-0.188793,8.05728,-1.85624,-0.163059,10.2838,-5.13314,-0.114993,13.2854,2.3286,-0.306193,-6.96247,0.919633,-0.0166481
1232.67,7.35508,5.8422,-0.180728,10.2838,-5.13314,-0.114993,8.24512,-1.70046,-0.152834,13.2423,2.31839,-0.317575,-6.96247,0.919633,-0.0166481
1233.66,7.40529,5.82405,-0.176842,8.24512,-1.70046,-0.152834,10.2838,-5.13314,-0.114993,13.3819,2.87616,-0.331749,-6.8465,0.96854,0.00552264
1234.68,7.37833,5.78931,-0.164413,8.38715,-1.41084,-0.127673,10.2838,-5.13314,-0.114993,12.9869,2.63664,-0.334965,-6.8465,0.96854,0.00552264
1235.68,7.24646,5.70865,-0.14415,8.31788,-1.38426,-0.11055,10.2838,-5.13314,-0.114993,13.0082,2.33117,-0.317345
1237.29,7.05958,5.66292,-0.164702,-5.07567,13.3191,-0.00799133,10.2838,-5.13314,-0.114993,8.32275,-1.43233,-0.100299,12.8757,2.50861,-0.367809
1238.28,7.00115,5.67974,-0.184091,-5.07567,13.3191,-0.00799133,10.2604,-5.24349,-0.0932739,8.32275,-1.43233,-0.100299,12.8757,2.50861,-0.367809
1239.63,7.00115,5.67974,-0.184091,8.25675,-1.40956,-0.123255,-5.07567,13.3191,-0.00799133,12.8757,2.50861,-0.367809
1240.64,6.98249,5.66294,-0.206973,8.07799,-0.990915,-0.117239,-5.07567,13.3191,-0.00799133,-2.75502,12.2925,0.0331298,-0.632362,11.151,-0.131541,12.8757,2.50861,-0.367809
1241.68,7.01254,5.67904,-0.211798,8.04605,-1.03061,-0.0924772,-13.1743,-3.08289,0.0449074,-5.07567,13.3191,-0.00799133,-2.76741,12.2535,-0.0151197,-0.632362,11.151,-0.131541,12.8757,2.50861,-0.367809
1242.67,6.91448,5.65816,-0.209986,-12.0974,-2.78941,0.0580411,-6.51039,3.72095,0.13426,8.03138,-1.03029,-0.0767741,-5.6098,13.6923,-0.103807,-2.76741,12.2535,-0.0151197,-0.632362,11.151,-0.131541,12.8757,2.50861,-0.367809
1243.78,6.96902,5.58509,-0.196661,-6.51039,3.72095,0.13426,-11.5527,-2.50758,0.0662246,8.09551,-1.07048,-0.0788608,-8.25089,1.17105,-0.126046,-5.45601,13.4622,-0.108932,-2.76741,12.2535,-0.0151197
1244.77,6.93779,5.53463,-0.219621,-6.51039,3.72095,0.13426,-11.5527,-2.50758,0.0662246,-8.25089,1.17105,-0.126046,8.09551,-1.07048,-0.0788608,-5.45601,13.4622,-0.108932
1245.78,6.58689,5.42901,-0.204193,-6.51039,3.72095,0.13426,-11.0073,-2.5544,0.0917144,9.448,-5.88149,-0.0829753,-8.24896,1.1664,-0.127345,-5.6328,13.5434,-0.18039
1247.43,6.58689,5.42901,-0.204193,-6.51039,3.72095,0.13426,-11.0073,-2.5544,0.0917144,-7.71864,0.926061,-0.133464,-0.321915,-8.58288,-0.294446
1248.68,-6.53397,3.6534,0.12968,6.58689,5.42901,-0.204193,-0.487981,-8.68099,-0.278917,-11.0073,-2.5544,0.0917144,-7.54073,0.561772,-0.0332136
1249.74,-6.53397,3.6534,0.12968,6.57062,5.45134,-0.194351,-0.487981,-8.68099,-0.278917,-7.54073,0.561772,-0.0332136
1250.74,4.46863,-4.47617,-0.245447,-6.54068,3.55813,0.145618,6.46828,5.31323,-0.162676,-0.487981,-8.68099,-0.278917,12.2757,-10.824,0.0485606
1251.74,4.46863,-4.47617,-0.245447,-6.54068,3.55813,0.145618,6.6001,5.08148,-0.160507,-0.511523,-8.21795,-0.314544,-2.90331,-4.88782,-0.292442,12.2757,-10.824,0.0485606
1252.74,5.15511,-4.57258,-0.21299,-6.54068,3.55813,0.145618,9.52232,-4.23338,-0.365682,-0.531022,-8.10998,-0.310534,-3.12735,-5.26703,-0.175258,12.2757,-10.824,0.0485606
1253.88,5.51303,-4.4573,-0.18978,9.40695,-4.10203,-0.268461,-6.61463,3.08731,0.0799387,-0.534139,-7.76013,-0.315328,-3.12735,-5.26703,-0.175258,12.2757,-10.824,0.0485606
1254.89,5.51303,-4.4573,-0.18978,9.40695,-4.10203,-0.268461,-6.61463,3.08731,0.0799387,-0.534139,-7.76013,-0.315328,-3.12735,-5.26703,-0.175258,12.2757,-10.824,0.0485606
1255.9,5.51303,-4.4573,-0.18978,9.40695,-4.10203,-0.268461,-6.61463,3.08731,0.0799387,-0.534139,-7.76013,-0.315328,-3.12735,-5.26703,-0.175258,12.2757,-10.824,0.0485606
1257.15,5.51303,-4.4573,-0.18978,9.30208,-3.92349,-0.195367,-6.61801,3.05391,0.0624548,-0.534139,-7.76013,-0.315328,13.8691,8.16653,-0.192376,-3.1687,-5.46282,-0.0873755,12.4038,-10.7554,0.0243134
1258.26,5.51303,-4.4573,-0.18978,-6.61801,3.05391,0.0624548,9.30208,-3.92349,-0.195367,-0.534139,-7.76013,-0.315328,13.8691,8.16653,-0.192376,-3.1687,-5.46282,-0.0873755,12.4038,-10.7554,0.0243134
1259.25,5.31195,-4.51872,-0.176466,-6.64584,3.02537,0.0528071,-0.532298,-7.70054,-0.34536,13.8691,8.16653,-0.192376,-3.1687,-5.46282,-0.0873755,12.3266,-10.6928,0.0347892
1260.26,5.2977,-4.59794,-0.185054,-0.578716,-7.65242,-0.321787,13.9144,8.06727,-0.189942,-3.1687,-5.46282,-0.0873755,12.3266,-10.6928,0.0347892
1261.26,4.70432,-5.59759,-0.192144,13.1899,7.9189,-0.265488,-0.428415,-8.09594,-0.367183,12.4785,-10.6693,0.0358934
1262.87,4.76647,-5.2375,-0.210125,-6.62161,3.05779,0.107288,13.1929,7.89078,-0.252381,-0.389786,-8.17548,-0.344533,12.3481,-10.6437,0.0666012
1263.86,4.79901,-5.10359,-0.22452,-6.48185,3.23756,0.0236923,13.0299,7.9345,-0.241632,2.25446,9.94409,0.00521491,-10.2673,4.82144,-0.147417,-0.356875,-8.09558,-0.322139
1265.54,4.76088,-5.14143,-0.229432,2.25335,9.98738,0.00459992,-6.4297,3.24631,0.00575897,13.108,7.89733,-0.215199,-0.212952,-8.26128,-0.338239
1268.4,4.69903,-5.18911,-0.21315,2.27749,10.0852,0.0184872,-6.40579,3.46609,0.0533036,13.108,7.89733,-0.215199,-0.16719,-8.2653,-0.343804
1269.79,-6.43603,3.44152,0.0343116,4.48728,-5.26769,-0.240453,2.27749,10.0852,0.0184872,3.54706,-11.2533,-0.0652224,13.108,7.89733,-0.215199,-0.106519,-8.33044,-0.396628
1270.78,-6.56903,3.26879,0.0167587,4.48728,-5.26769,-0.240453,2.27749,10.0852,0.0184872,3.54706,-11.2533,-0.0652224,13.108,7.89733,-0.215199,5.02426,2.59419,-0.126755,-0.106519,-8.33044,-0.396628
1271.79,-6.22441,3.70462,0.0260882,4.48728,-5.26769,-0.240453,2.24975,10.1302,-0.00380596,-9.82373,3.8713,-0.0832098,3.54706,-11.2533,-0.0652224,13.108,7.89733,-0.215199,5.02426,2.59419,-0.126755,-0.191225,-8.08509,-0.376419
1272.8,-7.30488,3.53389,-0.0805692,4.38308,-5.31086,-0.238667,2.26907,10.0527,-0.0303592,3.54706,-11.2533,-0.0652224,13.108,7.89733,-0.215199,5.02426,2.59419,-0.126755
1273.8,-7.51212,3.45512,-0.120041,4.53013,-4.87015,-0.195146,2.26907,10.0527,-0.0303592,13.108,7.89733,-0.215199
1274.82,-7.51212,3.45512,-0.120041,4.53013,-4.87015,-0.195146,2.26907,10.0527,-0.0303592,13.108,7.89733,-0.215199
1275.83,-7.47202,3.41307,-0.126035,4.55634,-4.88672,-0.176665,2.32863,9.96034,-0.0191074,4.97697,11.3668,-0.0811752,13.108,7.89733,-0.215199
1277.56,-6.09383,3.13111,-0.109531,4.57361,-4.82837,-0.170105,-10.6167,3.82431,-0.242802,2.34941,10.0008,-0.00346803,4.97697,11.3668,-0.0811752,-10.2146,1.67528,-0.17752,13.0613,7.95597,-0.218957
1278.59,-6.09383,3.13111,-0.109531,4.81936,-4.99359,-0.137362,-11.0657,3.52574,-0.232753,-10.2146,1.67528,-0.17752,4.97697,11.3668,-0.0811752
1279.56,-6.09383,3.13111,-0.109531,4.86992,-4.94965,-0.150019,-11.0657,3.52574,-0.232753,-10.2146,1.67528,-0.17752,7.74143,7.98069,-0.128407
